iter	RMSE
0	44936.44079
1	41121.08032
2	49142.31298
